행정구역,2026년04월_계_총인구수,2026년04월_계_연령구간인구수,2026년04월_계_0세,2026년04월_계_1세,2026년04월_계_2세,2026년04월_계_3세,2026년04월_계_4세,2026년04월_계_5세,2026년04월_계_6세,2026년04월_계_7세,2026년04월_계_8세,2026년04월_계_9세,2026년04월_계_10세,2026년04월_계_11세,2026년04월_계_12세,2026년04월_계_13세,2026년04월_계_14세,2026년04월_계_15세,2026년04월_계_16세,2026년04월_계_17세,2026년04월_계_18세,2026년04월_계_19세,2026년04월_계_20세,2026년04월_계_21세,2026년04월_계_22세,2026년04월_계_23세,2026년04월_계_24세,2026년04월_계_25세,2026년04월_계_26세,2026년04월_계_27세,2026년04월_계_28세,2026년04월_계_29세,2026년04월_계_30세,2026년04월_계_31세,2026년04월_계_32세,2026년04월_계_33세,2026년04월_계_34세,2026년04월_계_35세,2026년04월_계_36세,2026년04월_계_37세,2026년04월_계_38세,2026년04월_계_39세,2026년04월_계_40세,2026년04월_계_41세,2026년04월_계_42세,2026년04월_계_43세,2026년04월_계_44세,2026년04월_계_45세,2026년04월_계_46세,2026년04월_계_47세,2026년04월_계_48세,2026년04월_계_49세,2026년04월_계_50세,2026년04월_계_51세,2026년04월_계_52세,2026년04월_계_53세,2026년04월_계_54세,2026년04월_계_55세,2026년04월_계_56세,2026년04월_계_57세,2026년04월_계_58세,2026년04월_계_59세,2026년04월_계_60세,2026년04월_계_61세,2026년04월_계_62세,2026년04월_계_63세,2026년04월_계_64세,2026년04월_계_65세,2026년04월_계_66세,2026년04월_계_67세,2026년04월_계_68세,2026년04월_계_69세,2026년04월_계_70세,2026년04월_계_71세,2026년04월_계_72세,2026년04월_계_73세,2026년04월_계_74세,2026년04월_계_75세,2026년04월_계_76세,2026년04월_계_77세,2026년04월_계_78세,2026년04월_계_79세,2026년04월_계_80세,2026년04월_계_81세,2026년04월_계_82세,2026년04월_계_83세,2026년04월_계_84세,2026년04월_계_85세,2026년04월_계_86세,2026년04월_계_87세,2026년04월_계_88세,2026년04월_계_89세,2026년04월_계_90세,2026년04월_계_91세,2026년04월_계_92세,2026년04월_계_93세,2026년04월_계_94세,2026년04월_계_95세,2026년04월_계_96세,2026년04월_계_97세,2026년04월_계_98세,2026년04월_계_99세,2026년04월_계_100세 이상
서울특별시  (1100000000),"9,298,673","9,298,673","45,994","41,381","36,909","39,006","41,491","42,792","45,790","49,582","53,086","59,617","65,873","67,075","66,206","72,915","71,871","73,781","68,822","71,668","80,644","80,172","79,906","87,854","98,921","103,123","115,876","140,422","145,886","148,955","157,955","160,624","165,176","163,968","161,752","162,921","157,593","141,622","134,571","131,415","124,405","123,995","125,281","122,546","134,509","141,778","148,981","146,408","146,418","130,567","130,984","129,862","133,286","140,936","150,389","153,062","158,023","157,960","151,268","152,047","137,109","130,206","132,852","133,885","122,563","139,037","132,505","147,108","139,789","129,174","125,233","116,476","113,435","115,599","90,628","93,201","77,292","69,926","75,312","71,096","71,320","67,846","47,716","49,193","46,262","51,097","45,704","34,133","30,560","26,929","21,708","18,387","15,091","11,872","8,819","6,585","4,987","3,505","2,728","2,095","1,411",922,"1,457"
서울특별시 종로구 (1111000000),"136,716","136,716",444,454,397,416,485,477,526,520,605,689,753,757,779,934,861,940,841,944,"1,151","1,226","1,193","1,416","1,627","1,726","1,985","2,333","2,455","2,408","2,435","2,433","2,389","2,332","2,251","2,282","2,122","1,941","1,732","1,686","1,623","1,563","1,638","1,670","1,783","1,838","1,964","1,930","1,960","1,752","1,718","1,780","1,822","2,011","2,230","2,241","2,441","2,571","2,466","2,370","2,281","2,161","2,119","2,175","2,082","2,321","2,122","2,383","2,123","1,981","1,887","1,816","1,738","1,772","1,299","1,416","1,164",969,"1,149","1,043","1,156","1,081",798,903,801,885,835,661,610,563,443,369,308,245,205,144,113,85,54,50,26,30,34
서울특별시 중구 (1114000000),"117,760","117,760",612,494,418,480,469,479,426,437,469,562,540,508,539,534,567,535,531,532,753,805,837,952,"1,248","1,206","1,478","1,705","1,881","1,927","2,069","2,231","2,295","2,334","2,405","2,414","2,338","2,089","1,978","1,910","1,826","1,669","1,647","1,642","1,739","1,753","1,686","1,678","1,691","1,387","1,462","1,431","1,398","1,600","1,696","1,772","1,958","1,964","1,963","1,968","1,785","1,652","1,708","1,804","1,695","1,890","1,750","2,040","1,801","1,785","1,728","1,621","1,601","1,639","1,219","1,231","1,051",954,"1,057",967,998,980,689,724,700,770,767,543,514,456,337,322,264,205,169,118,75,64,48,46,33,21,22
서울특별시 용산구 (1117000000),"200,187","200,187","1,095",988,840,933,869,927,"1,001",978,998,"1,125","1,178","1,187","1,142","1,263","1,248","1,261","1,195","1,285","1,414","1,485","1,505","1,831","1,941","2,005","2,291","2,776","3,037","3,199","3,431","3,793","3,965","4,174","4,058","4,218","4,064","3,808","3,472","3,263","3,025","2,958","3,076","2,807","2,974","3,129","3,116","3,108","3,029","2,471","2,651","2,496","2,703","2,918","3,093","3,231","3,519","3,531","3,397","3,284","3,132","2,728","2,912","2,895","2,792","2,988","2,916","3,004","2,873","2,636","2,627","2,351","2,296","2,194","1,854","1,738","1,411","1,374","1,455","1,398","1,393","1,237",995,"1,027",987,"1,114","1,034",796,731,693,620,525,407,335,264,167,171,100,81,60,38,21,58
서울특별시 성동구 (1120000000),"274,917","274,917","1,901","1,694","1,403","1,374","1,538","1,475","1,464","1,523","1,561","1,698","1,641","1,713","1,538","1,629","1,576","1,594","1,511","1,678","2,098","2,331","2,442","2,670","3,047","3,258","3,554","4,377","4,439","4,363","4,764","4,632","4,884","5,033","5,036","5,396","5,218","4,846","4,740","4,602","4,440","4,189","4,183","3,970","4,174","4,294","4,309","4,101","3,925","3,503","3,505","3,513","3,615","3,900","4,334","4,414","4,564","4,782","4,584","4,508","4,211","3,816","4,033","3,970","3,659","4,104","3,969","4,307","3,983","3,700","3,483","3,300","3,078","3,049","2,468","2,456","1,999","1,924","2,037","1,880","1,944","1,902","1,346","1,407","1,377","1,513","1,304","1,012",926,769,687,569,448,347,245,192,142,96,74,48,32,34,29
서울특별시 광진구 (1121500000),"331,029","331,029","1,349","1,190","1,087","1,091","1,182","1,266","1,392","1,525","1,491","1,766","1,984","2,012","2,129","2,262","2,273","2,305","2,165","2,315","2,663","2,812","2,893","3,500","4,187","4,514","5,058","6,409","6,651","6,903","7,061","7,173","7,258","6,859","6,733","6,527","6,017","5,171","5,016","4,670","4,415","4,260","4,455","4,114","4,564","4,833","4,931","4,916","4,891","4,370","4,401","4,396","4,394","4,722","4,990","5,224","5,479","5,486","5,316","5,340","4,969","4,800","4,752","4,743","4,237","5,074","4,657","5,068","4,873","4,451","4,208","3,875","3,805","3,711","2,899","3,061","2,461","2,202","2,266","2,287","2,315","2,146","1,498","1,569","1,495","1,617","1,441","1,133","1,007",849,705,577,496,386,316,192,166,94,90,59,44,34,45
서울특별시 동대문구 (1123000000),"351,656","351,656","2,042","1,753","1,615","1,685","1,581","1,691","1,785","1,761","1,883","2,000","2,180","2,142","2,024","2,284","2,139","2,205","2,084","2,189","2,897","3,288","3,673","4,223","5,117","5,468","5,994","6,623","6,240","6,063","6,155","5,971","6,071","6,148","5,992","6,144","5,954","5,476","5,226","5,035","4,747","4,834","4,560","4,591","4,922","5,266","5,314","5,163","5,022","4,546","4,460","4,406","4,583","4,953","5,221","5,517","5,681","5,771","5,528","5,557","4,954","4,907","4,940","4,956","4,462","5,016","4,975","5,508","5,185","4,825","4,734","4,379","4,240","4,322","3,384","3,514","2,925","2,637","2,757","2,680","2,772","2,618","1,954","1,978","1,905","2,186","1,843","1,423","1,249","1,084",871,767,583,464,344,264,178,122,101,77,48,30,52
서울특별시 중랑구 (1126000000),"376,570","376,570","1,790","1,617","1,425","1,544","1,485","1,407","1,530","1,684","1,783","2,001","2,152","2,071","2,109","2,286","2,313","2,303","2,222","2,374","2,538","2,615","2,564","2,858","3,353","3,485","4,112","4,989","5,223","5,446","6,092","6,226","6,599","6,691","6,705","6,700","6,468","5,642","5,326","5,283","4,949","4,735","4,834","4,652","4,934","5,266","5,506","5,485","5,518","4,716","4,781","4,670","4,901","5,241","5,895","6,013","6,323","6,623","6,469","6,892","6,483","6,299","6,357","6,505","5,923","6,989","6,633","7,353","6,922","6,223","6,014","5,532","5,338","5,498","4,220","4,272","3,617","3,135","3,410","3,203","3,157","3,074","2,076","2,201","2,071","2,365","2,120","1,454","1,430","1,152",923,773,612,502,372,261,195,142,108,81,66,34,61
서울특별시 성북구 (1129000000),"422,452","422,452","2,011","1,901","1,747","1,776","1,960","2,043","2,112","2,376","2,436","2,807","3,102","3,038","2,976","3,252","3,307","3,404","3,151","3,315","4,141","4,566","4,800","5,557","6,263","6,340","6,517","7,128","6,679","6,314","6,367","6,259","6,109","6,102","5,987","6,184","5,981","5,473","5,330","5,382","5,218","5,204","5,383","5,317","5,875","6,114","6,459","6,350","6,395","5,816","5,677","5,787","6,193","6,741","7,397","7,403","7,781","7,696","7,445","7,249","6,514","6,084","6,049","6,058","5,529","6,063","5,842","6,591","6,137","5,643","5,675","5,046","5,048","5,084","3,984","4,145","3,345","3,066","3,461","3,267","3,284","3,188","2,230","2,387","2,345","2,588","2,389","1,771","1,601","1,383","1,111",884,769,614,394,317,258,188,129,116,64,50,68
서울특별시 강북구 (1130500000),"278,520","278,520",853,801,772,746,847,853,943,"1,022","1,246","1,308","1,420","1,488","1,551","1,724","1,781","1,871","1,709","1,892","2,134","2,265","2,360","2,681","3,040","3,117","3,352","3,740","3,875","3,719","3,870","3,978","3,860","3,868","3,879","3,818","3,774","3,187","3,109","3,054","2,866","2,908","2,953","3,030","3,367","3,713","3,854","3,946","4,000","3,629","3,608","3,719","3,967","4,327","4,815","4,944","5,329","5,266","5,087","5,226","4,851","4,580","4,714","4,737","4,393","4,972","4,735","5,408","5,286","4,690","4,564","4,277","4,152","4,355","3,379","3,458","3,068","2,729","3,026","2,977","2,935","2,758","1,986","2,141","2,031","2,272","2,122","1,503","1,306","1,143",923,778,607,432,343,224,173,116,100,92,54,24,45
서울특별시 도봉구 (1132000000),"298,839","298,839","1,080",970,885,974,"1,103","1,040","1,192","1,259","1,466","1,578","1,857","1,924","1,806","2,071","2,091","2,260","2,055","2,195","2,409","2,371","2,293","2,566","2,871","2,854","3,221","3,514","3,779","3,713","3,959","3,906","4,088","4,120","4,014","4,050","4,042","3,613","3,389","3,371","3,190","3,213","3,435","3,449","3,748","4,023","4,306","4,360","4,248","3,769","3,912","3,925","4,210","4,585","4,999","5,127","5,516","5,685","5,455","5,698","5,233","5,076","5,208","5,207","4,736","5,570","5,291","6,135","5,702","5,295","5,284","4,877","4,647","4,735","3,624","3,783","3,097","2,799","2,924","2,768","2,874","2,720","1,970","1,941","1,982","2,137","2,048","1,545","1,362","1,214",947,801,636,484,391,283,207,131,116,82,61,41,73
서울특별시 노원구 (1135000000),"482,097","482,097","2,396","2,009","1,806","1,893","1,950","2,034","2,213","2,424","2,721","3,182","3,586","3,847","3,845","4,296","4,349","4,525","4,240","4,640","5,300","5,312","5,218","5,603","6,153","5,911","6,047","6,736","6,295","6,013","6,185","6,096","6,475","6,426","6,487","6,800","6,580","6,004","5,907","5,740","5,431","5,553","5,664","5,549","6,436","6,839","7,481","7,505","7,622","6,813","7,258","7,118","7,483","8,054","8,601","8,639","9,074","9,028","8,587","8,631","7,649","7,273","7,314","7,193","6,531","7,713","7,367","8,087","7,592","7,156","7,004","6,414","6,246","6,479","4,937","5,091","4,167","3,753","3,970","3,701","3,814","3,624","2,514","2,623","2,582","2,872","2,576","1,878","1,713","1,555","1,347","1,086",923,713,540,432,302,223,167,130,99,51,86
서울특별시 은평구 (1138000000),"453,550","453,550","2,068","1,845","1,665","1,749","1,791","1,907","1,963","2,083","2,273","2,610","2,920","3,022","2,890","3,272","3,286","3,441","3,374","3,520","3,822","3,677","3,585","3,879","4,374","4,544","5,052","6,054","6,543","6,535","7,027","7,227","7,340","7,457","7,538","7,585","7,224","6,531","6,178","5,838","5,560","5,573","5,578","5,486","6,238","6,660","6,983","6,895","7,064","6,142","6,442","6,338","6,749","7,198","7,785","7,965","8,374","8,223","7,886","8,075","7,079","6,974","6,895","6,908","6,479","7,246","6,998","7,652","7,483","6,840","6,538","6,074","5,924","6,037","4,667","4,942","3,986","3,864","3,971","3,796","3,982","3,707","2,744","2,684","2,655","2,954","2,710","1,968","1,776","1,613","1,216","1,089",827,682,487,332,245,178,135,120,74,43,73
서울특별시 서대문구 (1141000000),"300,395","300,395","1,414","1,386","1,267","1,316","1,430","1,384","1,494","1,573","1,712","1,931","2,076","2,140","2,020","2,120","1,998","2,198","2,075","2,096","2,392","2,781","3,055","3,483","3,957","4,170","4,578","5,209","5,100","5,064","4,988","5,127","5,086","4,879","4,844","4,963","4,881","4,433","4,243","4,055","3,960","4,009","3,981","3,890","4,171","4,417","4,570","4,475","4,327","3,998","4,005","3,960","4,112","4,368","4,809","4,944","5,275","5,268","5,005","4,951","4,509","4,238","4,344","4,408","3,914","4,397","4,219","4,712","4,339","4,066","3,956","3,570","3,435","3,509","2,703","2,846","2,256","2,149","2,404","2,231","2,331","2,316","1,627","1,706","1,609","1,950","1,741","1,258","1,233","1,085",866,770,628,463,313,250,180,127,105,76,51,40,52
서울특별시 마포구 (1144000000),"356,894","356,894","1,951","1,621","1,429","1,587","1,623","1,692","1,763","1,948","1,971","2,382","2,513","2,461","2,284","2,554","2,474","2,591","2,471","2,553","2,919","2,896","3,239","3,628","4,248","4,551","5,127","6,157","6,418","6,453","6,994","7,146","7,412","7,122","7,143","7,298","7,005","6,206","5,861","5,685","5,489","5,380","5,331","5,301","5,589","5,708","5,921","5,553","5,553","5,002","5,045","5,190","5,215","5,550","5,951","6,077","6,232","6,010","5,729","5,575","4,934","4,467","4,649","4,516","4,093","4,540","4,331","4,701","4,445","3,940","3,889","3,608","3,453","3,510","2,726","2,807","2,312","2,138","2,324","2,244","2,289","2,238","1,591","1,794","1,625","1,875","1,700","1,311","1,147","1,026",796,767,582,459,358,288,185,145,94,84,55,30,51
서울특별시 양천구 (1147000000),"422,900","422,900","1,605","1,606","1,437","1,676","1,855","2,169","2,402","2,826","3,164","3,682","4,019","4,304","4,600","4,984","4,783","4,906","4,516","4,635","4,878","4,152","3,864","3,930","3,943","3,927","4,138","4,841","5,043","5,067","5,429","5,293","5,512","5,491","5,489","5,451","5,472","4,984","4,769","4,741","4,709","5,038","5,541","5,664","6,463","7,115","7,607","7,627","7,828","7,051","7,057","6,909","7,056","7,241","7,429","7,421","7,640","7,507","7,137","7,230","6,465","6,235","6,248","6,355","5,826","6,722","6,209","6,990","6,644","6,089","5,754","5,550","5,320","5,488","4,245","4,382","3,540","3,191","3,355","3,153","3,001","2,804","1,819","2,035","1,761","1,928","1,665","1,258","1,158","1,009",810,698,557,461,365,272,218,138,94,85,57,26,67
서울특별시 강서구 (1150000000),"548,716","548,716","2,748","2,564","2,155","2,268","2,400","2,489","2,681","2,689","2,928","3,284","3,811","3,653","3,655","4,097","4,085","4,116","3,768","4,059","4,493","4,102","4,033","4,228","4,858","5,167","6,259","7,853","8,559","9,035","9,902","10,385","10,781","11,066","10,877","10,871","10,444","9,425","8,813","8,514","7,890","7,768","7,935","7,379","8,208","8,470","9,008","8,721","8,659","7,760","7,695","7,425","7,698","8,150","8,521","8,661","8,600","8,484","8,105","8,386","7,317","7,149","7,404","7,757","6,944","8,181","7,938","9,039","8,634","8,012","7,730","7,206","7,026","7,126","5,580","5,823","4,774","4,207","4,546","4,237","4,130","3,895","2,666","2,672","2,473","2,646","2,322","1,945","1,646","1,467","1,130",959,881,679,492,377,326,220,170,115,93,46,98
서울특별시 구로구 (1153000000),"382,718","382,718","2,190","1,983","1,720","1,706","1,722","1,771","1,817","2,010","2,070","2,164","2,486","2,486","2,431","2,710","2,632","2,863","2,586","2,776","3,075","2,773","2,825","2,996","3,235","3,593","4,111","5,150","5,478","5,605","6,122","6,173","6,667","6,696","6,635","6,795","6,662","6,131","5,801","5,710","5,288","5,239","5,110","4,968","5,375","5,640","5,874","5,826","5,740","5,259","5,214","5,184","5,299","5,674","6,053","6,353","6,306","6,383","6,169","6,256","5,657","5,544","5,669","5,805","5,232","6,036","5,849","6,497","6,198","5,817","5,542","5,231","5,264","5,238","4,324","4,285","3,655","3,296","3,721","3,358","3,301","3,059","2,166","2,240","2,070","2,264","2,005","1,447","1,280","1,153",899,760,594,495,320,247,187,136,110,72,49,38,42
서울특별시 금천구 (1154500000),"222,726","222,726",891,825,701,748,735,735,775,837,912,963,"1,051","1,060","1,049","1,191","1,166","1,251","1,160","1,203","1,398","1,408","1,411","1,541","1,837","2,026","2,605","3,513","3,982","4,424","4,798","4,970","5,200","5,012","4,848","4,662","4,329","3,734","3,328","3,265","2,885","2,730","2,739","2,483","2,810","2,806","3,011","2,838","2,848","2,530","2,678","2,629","2,786","2,954","3,311","3,502","3,518","3,750","3,695","3,858","3,572","3,602","3,812","3,839","3,470","4,053","3,847","4,181","3,964","3,637","3,288","2,998","2,951","3,079","2,342","2,310","2,147","1,800","1,996","1,846","1,769","1,760","1,225","1,231","1,183","1,317","1,161",821,761,662,492,404,364,259,184,146,109,81,59,30,29,16,24
서울특별시 영등포구 (1156000000),"371,471","371,471","2,454","2,060","1,822","1,868","1,818","1,724","1,771","1,879","1,994","2,112","2,290","2,227","2,036","2,182","2,245","2,254","2,090","2,178","2,442","2,388","2,514","2,731","3,296","3,440","4,337","5,888","6,520","7,239","7,925","8,195","8,675","8,679","8,409","8,618","8,285","7,281","6,711","6,535","5,951","5,644","5,471","5,297","5,336","5,534","5,606","5,256","5,284","4,618","4,702","4,758","4,792","5,013","5,428","5,554","5,842","5,762","5,523","5,817","4,999","4,983","5,006","5,040","4,658","5,236","4,869","5,415","5,163","4,864","4,577","4,241","4,088","4,253","3,191","3,401","2,868","2,705","2,865","2,686","2,672","2,559","1,832","1,848","1,779","1,993","1,751","1,315","1,234","1,092",874,740,674,458,353,282,187,121,88,70,59,28,54
서울특별시 동작구 (1159000000),"372,250","372,250","1,943","1,650","1,525","1,484","1,515","1,535","1,684","1,804","1,921","2,058","2,377","2,339","2,155","2,388","2,329","2,558","2,308","2,434","2,884","3,326","3,478","3,965","4,691","5,185","5,771","7,000","7,136","7,265","7,455","7,391","7,425","7,296","6,952","6,944","6,670","5,990","5,546","5,307","5,112","4,888","4,864","4,699","4,966","5,314","5,491","5,294","5,421","4,836","4,740","4,960","5,061","5,364","5,795","5,859","6,145","6,055","5,903","5,949","5,195","5,014","4,970","5,102","4,729","5,180","5,018","5,478","5,431","4,884","4,804","4,342","4,322","4,343","3,442","3,602","3,169","2,775","3,027","2,913","3,007","2,926","2,025","2,088","1,903","2,170","1,949","1,437","1,288","1,154",888,830,625,501,358,283,177,154,120,87,46,42,52
서울특별시 관악구 (1162000000),"478,144","478,144","1,630","1,343","1,138","1,147","1,267","1,195","1,282","1,337","1,480","1,773","1,858","1,999","1,941","2,088","2,229","2,246","2,205","2,341","3,133","3,826","4,069","4,831","6,264","7,602","9,488","12,586","13,646","13,989","14,562","14,317","13,716","12,864","11,911","11,102","10,051","8,413","7,543","6,916","6,096","5,915","5,554","5,248","5,779","5,861","6,177","6,138","6,187","5,369","5,536","5,457","5,674","6,100","6,583","6,745","6,888","6,849","6,694","6,607","6,167","5,847","6,022","6,103","5,402","6,376","5,976","6,751","6,508","5,847","5,663","5,218","5,312","5,426","4,304","4,341","4,033","3,648","3,954","3,667","3,688","3,516","2,488","2,597","2,421","2,804","2,392","1,763","1,498","1,331","1,059",806,643,490,358,265,204,143,114,85,47,36,46
서울특별시 서초구 (1165000000),"414,999","414,999","2,083","2,076","1,942","2,160","2,471","2,561","2,846","3,227","3,302","3,653","4,215","4,370","4,500","4,948","4,671","4,841","4,643","4,486","4,751","4,383","3,979","4,156","4,180","4,097","4,249","4,972","5,161","5,357","5,588","5,664","5,915","5,883","5,802","5,850","5,965","5,589","5,424","5,655","5,509","5,882","5,910","5,991","6,925","7,170","7,895","7,878","7,894","7,052","7,234","7,121","7,198","7,242","7,618","7,555","7,403","7,448","6,960","6,402","5,742","5,074","5,125","5,137","4,768","4,954","4,867","5,026","4,985","4,805","4,706","4,503","4,297","4,359","3,701","3,613","2,954","2,757","3,062","2,862","2,913","2,665","1,967","1,911","1,738","1,874","1,650","1,213","1,114",948,782,700,544,460,339,268,197,157,99,98,66,30,67
서울특별시 강남구 (1168000000),"553,260","553,260","2,780","2,434","2,265","2,332","2,677","2,932","3,276","3,757","4,290","4,787","5,495","5,975","6,303","7,029","7,024","6,873","6,105","6,287","6,733","5,873","5,122","5,226","5,243","4,917","5,179","6,666","6,692","7,133","7,631","7,859","8,226","8,205","8,340","8,491","8,409","7,763","7,588","7,635","7,223","7,688","7,997","8,084","9,410","10,119","10,933","10,964","11,262","10,323","10,099","10,086","9,739","9,806","9,841","9,721","9,673","9,288","8,742","8,178","7,130","6,453","6,683","6,579","6,298","6,397","6,087","6,644","6,348","6,164","6,241","6,001","5,830","5,897","5,037","5,192","4,072","3,705","4,020","3,927","3,722","3,730","2,526","2,550","2,257","2,195","2,010","1,588","1,278","1,224","1,004",826,686,552,429,305,266,181,154,104,81,65,94
서울특별시 송파구 (1171000000),"650,447","650,447","3,674","3,352","2,927","3,305","3,649","3,902","4,189","4,509","4,776","5,434","5,850","5,773","5,538","6,158","5,966","6,036","5,492","5,502","5,958","5,446","5,157","5,448","5,754","5,733","6,567","8,109","8,799","9,078","10,062","10,582","11,321","11,136","11,541","11,423","11,381","10,442","10,064","10,107","9,790","9,814","10,004","9,778","10,615","11,343","11,732","11,429","11,230","10,007","9,566","9,386","9,396","9,818","10,195","10,307","10,582","10,651","9,955","10,184","9,227","8,511","9,017","8,923","8,237","9,381","8,885","9,826","9,327","8,640","8,505","7,881","7,761","7,914","6,076","6,292","5,025","4,568","4,709","4,421","4,303","4,121","2,778","2,736","2,518","2,615","2,323","1,714","1,496","1,309","1,145",916,832,666,523,385,287,200,166,135,84,56,91
서울특별시 강동구 (1174000000),"499,460","499,460","2,990","2,765","2,521","2,748","3,069","3,104","3,263","3,594","3,634","4,068","4,519","4,579","4,366","4,659","4,478","4,404","4,325","4,239","4,268","4,065","3,797","3,955","4,194","4,287","4,806","6,094","6,255","6,643","7,084","7,597","7,907","8,095","7,876","8,335","8,257","7,450","7,477","7,456","7,213","7,341","7,438","7,487","8,108","8,553","9,247","8,972","8,820","7,848","7,538","7,218","7,242","7,406","7,799","7,873","7,880","7,879","7,468","7,856","7,054","6,739","6,902","7,170","6,474","7,638","7,155","8,312","7,843","7,184","6,832","6,565","6,263","6,582","5,023","5,200","4,196","3,581","3,846","3,584","3,570","3,222","2,206","2,200","1,994","2,193","1,846","1,376","1,202",995,833,671,601,520,357,291,239,163,152,93,55,56,73
